Id,Predicted
69,47.19820408863867
981,40.11213974811509
5432,37.19964826417647
387,46.840225965894426
2194,34.837562508007466
2514,34.75632487804105
3962,40.90185143779566
3003,38.18831470561349
1066,33.6980849481433
4064,38.42878222747139
323,42.2265003589269
2822,49.79898726653653
159,44.58482992771911
2066,30.691735046024377
5518,38.490869781697754
6724,46.069152517443406
5192,51.88416491969709
6116,47.31164915702856
861,42.81696599657274
5095,50.362264233459285
1086,32.33989522960482
1025,33.17740336704535
3006,38.40869733037132
4310,43.14190618909223
1140,41.05790235345084
4114,45.938770196746255
2513,45.60592449687449
3987,46.391122460324446
91,35.78548375352641
2525,43.289781538749125
3216,47.66254762714446
6194,47.29209933949587
6718,49.74093248553235
1365,33.9544228733437
5200,41.189475080112125
971,43.00753001263896
4277,37.154692829538945
5904,43.12566809362165
303,38.54954890645712
4203,41.82689404344899
3312,34.46100059819407
580,44.21088827894245
574,46.315623545390615
6265,41.8433973973538
670,40.88444689565004
687,42.71869325813482
4184,42.429670409403016
5563,29.70823077903693
4134,39.232333107277405
2134,32.761711434579965
1054,43.26795323505941
1150,34.65936505333926
563,39.065612796936875
6421,46.47336410241602
2291,39.614683453261435
5115,47.94484849341081
1067,37.52142008542256
1501,39.896578509564144
2517,47.013099512459306
2402,39.11512027854006
5652,34.25327226013676
5588,54.84698072993079
4033,43.03756970735872
1207,40.166049412446164
662,40.50882023957008
701,43.07372913492557
2964,51.500526489245495
5212,39.61140461420929
6778,41.51407148059016
552,39.71850202271159
5233,51.803543928488054
36,38.259175240480594
5091,57.32200635131801
4741,36.016046190222696
339,35.66707180696145
2025,30.19863887370571
5181,41.74585605398528
5933,36.97478504639848
3851,46.93039578018707
904,38.51497984857223
140,41.41950008323439
5842,42.77315068753338
575,41.85512210678008
2788,45.801471599083136
5407,48.51828046873962
136,45.29762973736749
5788,39.89007182332592
5855,36.39316462965271
2884,37.382642886419326
4204,39.183712788996644
5744,40.357011631088
1343,40.2819447052206
5113,51.975711351180315
3514,49.73163029680872
2953,41.13258624659099
5492,38.09409831977798
564,41.17380180818806
5910,34.361162659536085
909,42.60868519220568
6757,39.988496639396494
4075,42.90903303837491
5231,46.00710649333562
1708,43.72218966069171
5841,46.91436107310648
2546,49.419713242465356
433,41.41258029599021
3961,37.66726444386304
6784,40.844436631748344
371,50.70439820835567
4461,42.46849630786459
6286,40.54548567343343
5281,47.57728782995579
3374,44.733983171586644
1504,44.76696943381946
214,33.211821987976265
5496,38.810163715175584
90,39.46497441994019
5429,36.98832409588549
438,40.52782630687212
738,40.394240000107104
1089,32.90262315834672
792,44.27886368642976
683,33.651901572121155
1503,35.256401319708374
3256,38.94380782167731
4506,41.34380342025936
94,38.22868355011339
960,36.79974999744924
157,40.76948887542786
6235,46.67313685459847
852,40.026106911480944
2894,44.20440371607966
6102,56.49690725589235
5050,44.037193521403964
709,37.078576230336616
5889,54.27178976048748
3316,42.67090164960862
6644,41.622520483178
5750,41.60758612833056
4723,32.787910916351144
6193,43.93665995045961
742,45.27863642442948
2825,51.474687848679125
2586,43.60465996667196
4776,37.74426290126619
5725,42.3810286846163
6217,39.250739818609674
9100,41.054454738105804
25,37.91274938726358
5309,55.671139256671346
3712,46.41669713774789
5002,45.0128251942821
671,36.1351751569337
6745,37.03412134396772
88,43.840364655465144
3926,42.24944050337344
2474,37.39512857532255
5161,41.82857735962671
2294,38.44940280094266
4651,51.56365132599107
6604,36.102945227749295
4304,45.7718758487471
619,38.831286049805904
2843,42.59784801246925
4099,40.0997029488122
2783,44.59734697629392
2067,31.635314055177
1139,37.57519278857221
4068,40.28453597173938
538,38.28455539342977
1041,30.646387768683564
769,39.56111045186326
6295,43.584140350525246
9040,41.012355263278465
782,47.45202814559837
3272,36.33473999508453
2262,34.65514889652844
215,35.95223109338038
6617,44.515424477609
6485,37.97639089222796
5589,59.36438713233093
4511,34.60701034585864
5404,45.83668417968344
344,38.34540452702843
5553,33.96534665769002
2573,48.38220307677927
443,46.144738133816226
763,42.841718334617134
3723,37.058903090452446
794,45.96634182855639
585,44.59490268990581
5645,37.58104504436854
1082,37.262208277720156
197,46.013217417600714
3103,35.90948318687046
3782,48.99438517733116
5929,27.248494583087698
2477,45.444974564466406
6809,45.008437173966094
5480,34.99623715813382
64,43.19615995316622
57,39.77245818136679
6431,43.00759421316523
6288,42.183703169160594
872,37.250881218096055
3392,37.96540110502229
1346,39.19689131067327
5533,32.85754441200599
6087,48.65766202284972
4021,46.676085182289064
1057,32.72089379741268
4183,40.10141011554823
6010,34.68373624517502
331,40.844356018629675
407,36.50917785760277
5650,29.000899812707267
4040,43.06866656002103
4170,45.2348886465127
1210,47.824131462261825
2498,33.03402911234422
410,36.13192321579397
5565,36.971043314242586
5151,45.04402618009751
5427,39.054786056023104
5905,33.246023497859504
5144,44.52195069666889
5613,43.77687108254265
6290,45.62671851379941
607,34.581096303551746
1002,36.01252585879169
449,44.4324000392132
1051,40.24819667971612
32,37.947198470346464
3034,39.528233673264424
708,36.18474795973898
2520,40.71222044396695
2068,31.01524692065383
2865,41.06013373605992
6511,42.94694224101666
783,40.75129029965052
335,40.540688490211124
3881,40.510075357487324
4871,40.29117709810218
867,32.928301029715904
957,41.99762238472205
3104,36.20760858561191
4081,47.31440431238108
4309,45.29915758519688
1061,52.27422406427958
418,41.4460275840537
61,39.0381842179188
2787,45.27786382084873
711,43.95048029435757
953,40.09514310217815
310,38.790706651925525
5451,42.162380095186364
3111,41.55519077108835
181,41.45785475369902
874,38.892122055586775
3847,47.32444789127791
4222,37.41316377870598
5724,48.93374198840381
5213,59.09244676227889
6608,58.28051514385744
4303,45.79315561158661
3952,36.461672703982096
6089,41.843713114675715
4601,41.99632866732522
296,44.24860458359075
5804,36.1026757056443
4095,48.476605790637045
2278,36.990571030538646
4646,46.81388671060286
5540,33.257984579486035
944,44.23983519035784
6416,45.75321228188463
1010,36.43118184908935
6632,41.46153235443522
406,40.17999869499603
5912,41.578666097586996
700,46.01115680298969
6211,42.263533557565886
4137,41.445526399154
4003,44.34863025043309
5222,48.834061096081
416,39.67920527928458
139,47.10807003965576
2855,35.98032939581043
551,43.42737142737761
876,41.363093463509536
3668,46.4854727439446
1213,39.10871865287998
3005,34.8982396281252
6294,40.35355768182235
610,37.55373767315519
5674,44.18016787120007
193,43.38420290326696
5761,39.277486181414424
332,39.42700171029587
1216,40.4314437415463
1322,46.25380626340245
6629,38.87154402752861
86,43.78746817765764
5702,36.65716677075644
4256,38.5918596998708
3708,38.7032054160081
6285,44.55099073223718
2867,37.966332754641165
3204,45.30416294011395
937,32.835919390814276
2186,32.78776147192992
1505,45.60790252870216
388,41.546611402613244
2613,42.04556701108004
3821,44.343613658498185
2952,42.34614752096342
5096,59.01911070923794
372,42.095897596661665
6634,42.802608412294674
6616,39.54703289813262
2821,39.46507124148904
5475,38.16365167953232
880,40.81914626427866
5806,37.024670768378
3338,44.2826137467249
2767,50.81994050768187
2895,45.565330989109476
6090,54.653803226757944
5713,40.365577620065906
363,52.71523231111807
5216,45.195309318747384
576,48.12206359645372
584,50.26081354032503
2257,35.54712201290011
2173,34.724931410099956
6246,41.19830109214483
9220,41.129188458087626
390,41.64713482842793
3911,45.11280022084109
414,39.293417978872846
2478,39.833485114039966
982,40.43969464883249
737,44.26969114185869
2612,37.10006445996351
3276,40.08051818907749
2401,42.23087495949603
934,51.72685015184422
6177,38.77369536094833
955,41.00796197502291
14,40.76411473584111
5638,43.5661954792634
573,46.79312443028734
5428,39.63215552188306
4751,46.52552076389079
6152,36.20694710186214
5762,35.56092172203013
4260,45.42574699518083
5129,52.71914164735608
1052,39.163601137778734
2185,33.466101371647945
5609,47.6594302407043
2764,41.81557918317542
2220,36.18084275611302
2883,37.30578087886541
5003,39.95159311836503
5632,40.802383785888004
1345,37.840272668317525
5671,42.08091954766809
356,51.1338435779614
784,42.23863432680003
5926,30.624165088752246
4071,33.886948432420695
2422,42.58688842112276
5194,43.18999794302307
5477,38.98361883915914
6281,32.212537855214784
594,43.01053853875149
4141,47.392110511050156
5709,42.812955594914705
724,37.25424656252464
153,42.35015508583034
6639,36.447908882266496
182,37.75734483464066
3788,43.918190801702835
5203,55.12532303914592
2527,45.52807520486045
855,42.74695598342352
5186,45.550963961028685
4224,35.63684825438603
3734,41.13869665950034
173,35.21446440892309
97,41.489901822621626
1091,32.283894819166235
2869,44.79070053514703
5828,37.248492252403736
6159,38.554282495384676
4756,30.411224400658128
5891,49.600233586908054
5063,47.17952574100022
2148,36.60917368504476
2461,39.61736832794035
5888,39.22874061283761
5143,38.28950155217831
6613,54.16674588183339
6750,39.80542631418439
1404,33.79202858943479
4476,37.76221942517925
5862,38.413316490613745
5522,30.293349956877808
4197,40.12909543880386
2574,49.10033100416606
4067,36.91447834813887
322,39.536347175262044
884,43.307741211563766
1372,41.191659145816615
6637,37.87179397814814
2309,39.6609167478741
1342,38.535714893323274
2405,40.005612464661894
1301,39.41609094795438
3102,38.43033175100676
3023,41.748324765144
2611,43.98567651601848
3407,38.79488577137817
2476,42.99149585927078
6461,44.36631470643075
2464,40.58136795947484
954,42.87044251697503
4007,38.86285191793042
6032,52.6120102703256
4035,43.39821431059903
4182,38.63696497531883
84,40.89784127587744
4092,40.423345065527975
4571,34.925008735700764
2571,35.918718419051615
6022,42.27721811326911
4106,45.068439865517725
4110,41.13666411562686
2027,33.647413758057276
2221,35.39663222609983
5859,39.552781915063576
6198,39.42193156402389
3442,40.6946828487235
2089,32.04473213156577
3951,39.59825629194117
1001,28.983090702788346
3025,36.85417456959629
358,42.893524027730834
2622,37.9639959082569
6787,43.837884790783875
4264,37.98483735095684
5464,40.56814236231908
6134,47.28711656112676
2228,43.34543534350147
5587,38.82286571627906
2197,38.902833571955945
30,37.754349486023706
5856,35.48318270081825
868,32.135471616536826
1099,35.53565256016758
2770,47.86520663541693
6622,40.660016102753794
351,49.34356258264321
62,45.616782061690934
309,38.37633933004547
5559,38.66181499517646
1040,37.309951356189615
3002,31.13192994121578
586,38.64983066209389
4142,38.88117888804535
6773,57.131208131580316
6203,46.9112614953531
5514,34.30405983517092
72,41.99472073360711
92,39.043980009626765
4305,37.09610530253941
6136,44.7976131662915
4301,37.02130156353203
2128,39.89227010637276
5590,53.97605734828257
2772,41.26217842988994
2841,36.349212495671495
3834,44.164545414818065
295,40.55162661918182
5102,50.54212204568029
5639,34.37262096602008
4195,38.872101133220724
1145,34.72366507219877
2035,32.1043075115995
4864,48.36453257501692
445,36.5458810171132
5009,45.84006359744945
5560,36.68335844394878
886,39.352782149813535
4816,36.2109378047198
6404,41.88421479005262
3341,38.931624990480344
5669,39.3725349081629
5423,38.43926994317382
936,35.8010467410847
4083,43.85282141402641
27,42.77831237656861
2250,36.29846599446197
5310,47.73555326734021
2029,34.00284410918211
5138,41.6833291355782
736,45.3857541916139
4097,43.349372119634886
1368,48.86577952738617
2762,51.303897145171995
2786,42.966413088978214
3238,43.617828330188885
112,37.865518719256556
6612,50.4131484419042
4147,42.369166490389105
4643,49.499289223577485
500,42.92323486940489
2421,37.28493441943259
4254,41.17748292810837
2152,29.12772178220588
5430,36.611267562770124
4501,40.43212984830151
5591,59.438708062995715
870,42.52915035013961
2852,40.83758089170597
929,51.18727473451583
99,41.34407275843738
39,37.625543643194455
3379,43.53856269865314
2050,35.82295472486299
5939,39.038106738069544
2842,39.810063628324876
5805,37.76729008242566
6623,45.26153850294242
6702,37.14192963187392
582,47.140921097818335
362,51.42379092083224
1403,36.90795227433335
5317,41.9875152778965
6792,35.35096173039835
2236,32.45817505083013
1126,27.848409766440074
1103,43.84674580758234
5411,51.14489134724313
6741,38.73078477259536
6754,39.169346013581126
958,36.783252194759534
3542,44.09910482676078
3791,47.14790664165927
2403,39.162077793909326
391,36.289513995455295
2888,43.87808973581941
785,44.23787443123204
5711,38.784632651249886
5816,36.885217519369625
3785,48.046609671669444
4084,35.89932897789546
5162,47.54087057824128
5434,38.94615277201292
4426,43.379651901357455
906,34.27753130335746
5592,44.47270750630695
4161,39.234559932190415
2511,43.69689981766207
6292,39.17001376906057
4165,39.869455109107385
58,38.11690346810423
6630,46.85531939665579
1373,34.89285395355281
571,51.17409051143092
3732,49.97588722551437
5512,37.58102999443038
2554,40.67884873731217
4546,40.05039977623246
5552,47.534192539925506
881,40.78219896665022
2296,36.67994636305365
748,39.891538048999934
3731,34.890755989594986
1056,36.848119214464404
37,36.882637460097065
1201,43.91886791774556
4193,35.45446080626809
4671,54.20266303824823
3694,52.09274497309889
5843,53.825685808466815
2575,37.88872799140745
1366,36.62489794602641
664,43.97109462606428
1093,31.619997992632484
2519,47.790985714588345
2213,30.107128138660897
1710,44.538539952756814
681,46.72402949378875
120,42.9954324220147
4009,40.191108480572964
5513,34.76221877977815
2844,38.42855052658042
5911,35.37856879510997
491,44.47785862897914
5723,38.90681462528928
2936,33.12167116274468
1311,47.025529807516314
1121,35.405063993857226
1370,33.03809080398232
5752,47.99139277642911
4323,50.935804912149415
5503,40.09478210125633
4317,40.63691060509977
577,44.669394761985274
6117,45.77218462059835
2972,37.68969122551338
2771,47.114078002111775
593,47.165454664964884
5402,41.14089301361643
923,36.38674813905805
1212,54.23845134187157
311,39.30740353531689
5250,57.489664842374324
2890,45.765937394444016
5930,38.43791939286172
192,43.46955730595917
5637,35.13118429454237
749,41.577261766051194
2790,41.319183166742356
3787,52.892436944525485
52,41.78128940012218
935,37.002466400271075
3835,47.31041244293756
6252,45.79990421296209
617,36.121835539583294
341,37.84783917691515
6605,39.610854655779924
608,44.02792992554848
6606,34.27376145667837
496,40.141903922273606
5485,33.974639782644935
5539,25.862785956270198
1136,35.32616992393881
3789,47.383657004153825
5458,39.69141092358751
3340,45.64469348959561
5708,31.350504868813132
2114,34.01464696029802
2295,38.411735657879674
3670,46.45596944247929
2011,35.3979867853435
6635,37.76705787423564
6422,42.25416590068466
1127,34.63833156374089
5742,38.0736767119561
5871,43.83377580043222
3746,44.32377044587672
5758,35.85458166695326
2889,40.277629284473306
6408,45.675040005105835
3823,52.12052216593742
6033,41.175640413350486
6607,40.76967842268627
5242,51.19036764348683
5541,34.77941122940917
2303,40.88658507058085
707,40.21024132670883
4080,40.52584266066721
5425,42.45473012546411
5199,38.88490173316575
4251,37.40212614122164
6248,47.73532121491451
